{
  "1": {
    "mass": 172.5,
    "width": 10.0,
    "xsec": 9.597273826599121
  },
  "2": {
    "mass": 172.5,
    "width": 9.5,
    "xsec": 10.036249635219574
  },
  "3": {
    "mass": 172.5,
    "width": 9.0,
    "xsec": 10.524166380271911
  },
  "4": {
    "mass": 172.5,
    "width": 8.5,
    "xsec": 11.069667788000107
  },
  "5": {
    "mass": 172.5,
    "width": 8.0,
    "xsec": 11.683557959976197
  },
  "6": {
    "mass": 172.5,
    "width": 7.5,
    "xsec": 12.379521842765808
  },
  "7": {
    "mass": 172.5,
    "width": 7.0,
    "xsec": 13.175153686051368
  },
  "8": {
    "mass": 172.5,
    "width": 6.5,
    "xsec": 14.093460004940033
  },
  "9": {
    "mass": 172.5,
    "width": 6.0,
    "xsec": 15.165113756628037
  },
  "10": {
    "mass": 172.5,
    "width": 5.5,
    "xsec": 16.431937823424338
  },
  "11": {
    "mass": 172.5,
    "width": 5.0,
    "xsec": 17.952478233940603
  },
  "12": {
    "mass": 172.5,
    "width": 4.5,
    "xsec": 19.811292823805807
  },
  "13": {
    "mass": 172.5,
    "width": 4.0,
    "xsec": 22.135207840774058
  },
  "14": {
    "mass": 172.5,
    "width": 3.5,
    "xsec": 25.123516714553833
  },
  "15": {
    "mass": 172.5,
    "width": 3.0,
    "xsec": 29.108412984411718
  },
  "16": {
    "mass": 172.5,
    "width": 2.5,
    "xsec": 34.688093860082624
  },
  "17": {
    "mass": 172.5,
    "width": 2.0,
    "xsec": 43.060174323248866
  },
  "18": {
    "mass": 172.5,
    "width": 1.5,
    "xsec": 57.02490822967917
  },
  "19": {
    "mass": 172.5,
    "width": 1.322,
    "xsec": 64.55368890650868
  },
  "20": {
    "mass": 172.5,
    "width": 1.0,
    "xsec": 85.0132528225863
  },
  "21": {
    "mass": 172.5,
    "width": 0.5,
    "xsec": 169.36702248742364
  },
  "22": {
    "mass": 173.0,
    "width": 10.0,
    "xsec": 9.649707930884361
  },
  "23": {
    "mass": 173.0,
    "width": 9.5,
    "xsec": 10.091378790969848
  },
  "24": {
    "mass": 173.0,
    "width": 9.0,
    "xsec": 10.582264734835626
  },
  "25": {
    "mass": 173.0,
    "width": 8.5,
    "xsec": 11.131053297305106
  },
  "26": {
    "mass": 173.0,
    "width": 8.0,
    "xsec": 11.748603623580932
  },
  "27": {
    "mass": 173.0,
    "width": 7.5,
    "xsec": 12.448670194220544
  },
  "28": {
    "mass": 173.0,
    "width": 7.0,
    "xsec": 13.248936717000008
  },
  "29": {
    "mass": 173.0,
    "width": 6.5,
    "xsec": 14.172527158784867
  },
  "30": {
    "mass": 173.0,
    "width": 6.0,
    "xsec": 15.25027240096569
  },
  "31": {
    "mass": 173.0,
    "width": 5.5,
    "xsec": 16.524213351922036
  },
  "32": {
    "mass": 173.0,
    "width": 5.0,
    "xsec": 18.053206065473557
  },
  "33": {
    "mass": 173.0,
    "width": 4.5,
    "xsec": 19.92226334869623
  },
  "34": {
    "mass": 173.0,
    "width": 4.0,
    "xsec": 22.258900107929705
  },
  "35": {
    "mass": 173.0,
    "width": 3.5,
    "xsec": 25.263477437512876
  },
  "36": {
    "mass": 173.0,
    "width": 3.0,
    "xsec": 29.26984497640133
  },
  "37": {
    "mass": 173.0,
    "width": 2.5,
    "xsec": 34.87858552616596
  },
  "38": {
    "mass": 173.0,
    "width": 2.0,
    "xsec": 43.28953760434985
  },
  "39": {
    "mass": 173.0,
    "width": 1.5,
    "xsec": 57.29764218835831
  },
  "40": {
    "mass": 173.0,
    "width": 1.322,
    "xsec": 64.8362859868288
  },
  "41": {
    "mass": 173.0,
    "width": 1.0,
    "xsec": 85.27702474005758
  },
  "42": {
    "mass": 173.0,
    "width": 0.5,
    "xsec": 169.20302395852715
  },
  "43": {
    "mass": 173.5,
    "width": 10.0,
    "xsec": 9.702034777984618
  },
  "44": {
    "mass": 173.5,
    "width": 9.5,
    "xsec": 10.146382309598923
  },
  "45": {
    "mass": 173.5,
    "width": 9.0,
    "xsec": 10.64021593451023
  },
  "46": {
    "mass": 173.5,
    "width": 8.5,
    "xsec": 11.192267130246162
  },
  "47": {
    "mass": 173.5,
    "width": 8.0,
    "xsec": 11.813449713606834
  },
  "48": {
    "mass": 173.5,
    "width": 7.5,
    "xsec": 12.517587226018906
  },
  "49": {
    "mass": 173.5,
    "width": 7.0,
    "xsec": 13.322452071866989
  },
  "50": {
    "mass": 173.5,
    "width": 6.5,
    "xsec": 14.251284382967949
  },
  "51": {
    "mass": 173.5,
    "width": 6.0,
    "xsec": 15.335070496652126
  },
  "52": {
    "mass": 173.5,
    "width": 5.5,
    "xsec": 16.61606476881504
  },
  "53": {
    "mass": 173.5,
    "width": 5.0,
    "xsec": 18.153425645520688
  },
  "54": {
    "mass": 173.5,
    "width": 4.5,
    "xsec": 20.032611762087345
  },
  "55": {
    "mass": 173.5,
    "width": 4.0,
    "xsec": 22.381831322572232
  },
  "56": {
    "mass": 173.5,
    "width": 3.5,
    "xsec": 25.4026051930058
  },
  "57": {
    "mass": 173.5,
    "width": 3.0,
    "xsec": 29.43092529806256
  },
  "58": {
    "mass": 173.5,
    "width": 2.5,
    "xsec": 35.071871160413025
  },
  "59": {
    "mass": 173.5,
    "width": 2.0,
    "xsec": 43.5362368145895
  },
  "60": {
    "mass": 173.5,
    "width": 1.5,
    "xsec": 57.64984490642726
  },
  "61": {
    "mass": 173.5,
    "width": 1.322,
    "xsec": 65.25277992605507
  },
  "62": {
    "mass": 173.5,
    "width": 1.0,
    "xsec": 85.88011735325604
  },
  "63": {
    "mass": 173.5,
    "width": 0.5,
    "xsec": 170.37235848922774
  },
  "64": {
    "mass": 172.0,
    "width": 10.0,
    "xsec": 9.544651668367386
  },
  "65": {
    "mass": 172.0,
    "width": 9.5,
    "xsec": 9.98089516439438
  },
  "66": {
    "mass": 172.0,
    "width": 9.0,
    "xsec": 10.465800594053269
  },
  "67": {
    "mass": 172.0,
    "width": 8.5,
    "xsec": 11.007966312198638
  },
  "68": {
    "mass": 172.0,
    "width": 8.0,
    "xsec": 11.618140829458238
  },
  "69": {
    "mass": 172.0,
    "width": 7.5,
    "xsec": 12.309939229373931
  },
  "70": {
    "mass": 172.0,
    "width": 7.0,
    "xsec": 13.100866408138275
  },
  "71": {
    "mass": 172.0,
    "width": 6.5,
    "xsec": 14.01381220587015
  },
  "72": {
    "mass": 172.0,
    "width": 6.0,
    "xsec": 15.079293590908051
  },
  "73": {
    "mass": 172.0,
    "width": 5.5,
    "xsec": 16.338918949368
  },
  "74": {
    "mass": 172.0,
    "width": 5.0,
    "xsec": 17.85092955203891
  },
  "75": {
    "mass": 172.0,
    "width": 4.5,
    "xsec": 19.699433231048584
  },
  "76": {
    "mass": 172.0,
    "width": 4.0,
    "xsec": 22.01055980108619
  },
  "77": {
    "mass": 172.0,
    "width": 3.5,
    "xsec": 24.982457735689877
  },
  "78": {
    "mass": 172.0,
    "width": 3.0,
    "xsec": 28.94526803088665
  },
  "79": {
    "mass": 172.0,
    "width": 2.5,
    "xsec": 34.4929768529439
  },
  "80": {
    "mass": 172.0,
    "width": 2.0,
    "xsec": 42.81255133886874
  },
  "81": {
    "mass": 172.0,
    "width": 1.5,
    "xsec": 56.66836541620195
  },
  "82": {
    "mass": 172.0,
    "width": 1.322,
    "xsec": 64.12331274976715
  },
  "83": {
    "mass": 172.0,
    "width": 1.0,
    "xsec": 84.31882480417103
  },
  "84": {
    "mass": 172.0,
    "width": 0.5,
    "xsec": 166.75975980167553
  },
  "85": {
    "mass": 171.5,
    "width": 10.0,
    "xsec": 9.491766717619896
  },
  "86": {
    "mass": 171.5,
    "width": 9.5,
    "xsec": 9.92522493970871
  },
  "87": {
    "mass": 171.5,
    "width": 9.0,
    "xsec": 10.407056280384063
  },
  "88": {
    "mass": 171.5,
    "width": 8.5,
    "xsec": 10.945812938764096
  },
  "89": {
    "mass": 171.5,
    "width": 8.0,
    "xsec": 11.55218671047449
  },
  "90": {
    "mass": 171.5,
    "width": 7.5,
    "xsec": 12.239722105572223
  },
  "91": {
    "mass": 171.5,
    "width": 7.0,
    "xsec": 13.025834857914449
  },
  "92": {
    "mass": 171.5,
    "width": 6.5,
    "xsec": 13.933300251857043
  },
  "93": {
    "mass": 171.5,
    "width": 6.0,
    "xsec": 14.99248499998033
  },
  "94": {
    "mass": 171.5,
    "width": 5.5,
    "xsec": 16.24479551564753
  },
  "95": {
    "mass": 171.5,
    "width": 5.0,
    "xsec": 17.748193122104706
  },
  "96": {
    "mass": 171.5,
    "width": 4.5,
    "xsec": 19.58638226883471
  },
  "97": {
    "mass": 171.5,
    "width": 4.0,